[{"STATE_UT":"ANDHRA PRADESH","DISTRICT":"TOTAL","MURDER":2579,"RAPE":1016,"ROBBERY":596,"KIDNAPPING_AND_ABDUCTION":1526,"TOTAL_IPC_CRIMES":158756},{"STATE_UT":"ARUNACHAL PRADESH","DISTRICT":"TOTAL","MURDER":67,"RAPE":42,"ROBBERY":45,"KIDNAPPING_AND_ABDUCTION":65,"TOTAL_IPC_CRIMES":2256},{"STATE_UT":"ASSAM","DISTRICT":"TOTAL","MURDER":1214,"RAPE":1171,"ROBBERY":505,"KIDNAPPING_AND_ABDUCTION":1906,"TOTAL_IPC_CRIMES":40675},{"STATE_UT":"BIHAR","DISTRICT":"TOTAL","MURDER":3948,"RAPE":1390,"ROBBERY":2986,"KIDNAPPING_AND_ABDUCTION":3413,"TOTAL_IPC_CRIMES":108060},{"STATE_UT":"CHHATTISGARH","DISTRICT":"TOTAL","MURDER":927,"RAPE":969,"ROBBERY":363,"KIDNAPPING_AND_ABDUCTION":214,"TOTAL_IPC_CRIMES":41927},{"STATE_UT":"GOA","DISTRICT":"TOTAL","MURDER":40,"RAPE":37,"ROBBERY":18,"KIDNAPPING_AND_ABDUCTION":13,"TOTAL_IPC_CRIMES":2127},{"STATE_UT":"GUJARAT","DISTRICT":"TOTAL","MURDER":1113,"RAPE":339,"ROBBERY":1136,"KIDNAPPING_AND_ABDUCTION":1133,"TOTAL_IPC_CRIMES":105469},{"STATE_UT":"HARYANA","DISTRICT":"TOTAL","MURDER":733,"RAPE":386,"ROBBERY":244,"KIDNAPPING_AND_ABDUCTION":423,"TOTAL_IPC_CRIMES":39096},{"STATE_UT":"HIMACHAL PRADESH","DISTRICT":"TOTAL","MURDER":110,"RAPE":153,"ROBBERY":25,"KIDNAPPING_AND_ABDUCTION":123,"TOTAL_IPC_CRIMES":12326},{"STATE_UT":"JAMMU & KASHMIR","DISTRICT":"TOTAL","MURDER":816,"RAPE":218,"ROBBERY":129,"KIDNAPPING_AND_ABDUCTION":735,"TOTAL_IPC_CRIMES":21191},{"STATE_UT":"JHARKHAND","DISTRICT":"TOTAL","MURDER":1488,"RAPE":797,"ROBBERY":780,"KIDNAPPING_AND_ABDUCTION":468,"TOTAL_IPC_CRIMES":31439},{"STATE_UT":"KARNATAKA","DISTRICT":"TOTAL","MURDER":1519,"RAPE":291,"ROBBERY":1024,"KIDNAPPING_AND_ABDUCTION":592,"TOTAL_IPC_CRIMES":114440},{"STATE_UT":"KERALA","DISTRICT":"TOTAL","MURDER":417,"RAPE":480,"ROBBERY":639,"KIDNAPPING_AND_ABDUCTION":232,"TOTAL_IPC_CRIMES":104025},{"STATE_UT":"MADHYA PRADESH","DISTRICT":"TOTAL","MURDER":2379,"RAPE":2875,"ROBBERY":1526,"KIDNAPPING_AND_ABDUCTION":832,"TOTAL_IPC_CRIMES":196867},{"STATE_UT":"MAHARASHTRA","DISTRICT":"TOTAL","MURDER":2696,"RAPE":1388,"ROBBERY":2229,"KIDNAPPING_AND_ABDUCTION":1045,"TOTAL_IPC_CRIMES":176302},{"STATE_UT":"MANIPUR","DISTRICT":"TOTAL","MURDER":159,"RAPE":31,"ROBBERY":3,"KIDNAPPING_AND_ABDUCTION":128,"TOTAL_IPC_CRIMES":2535},{"STATE_UT":"MEGHALAYA","DISTRICT":"TOTAL","MURDER":124,"RAPE":54,"ROBBERY":81,"KIDNAPPING_AND_ABDUCTION":54,"TOTAL_IPC_CRIMES":1752},{"STATE_UT":"MIZORAM","DISTRICT":"TOTAL","MURDER":35,"RAPE":20,"ROBBERY":6,"KIDNAPPING_AND_ABDUCTION":15,"TOTAL_IPC_CRIMES":1515},{"STATE_UT":"NAGALAND","DISTRICT":"TOTAL","MURDER":70,"RAPE":18,"ROBBERY":117,"KIDNAPPING_AND_ABDUCTION":23,"TOTAL_IPC_CRIMES":984},{"STATE_UT":"ODISHA","DISTRICT":"TOTAL","MURDER":1066,"RAPE":770,"ROBBERY":952,"KIDNAPPING_AND_ABDUCTION":526,"TOTAL_IPC_CRIMES":48739},{"STATE_UT":"PUNJAB","DISTRICT":"TOTAL","MURDER":775,"RAPE":390,"ROBBERY":86,"KIDNAPPING_AND_ABDUCTION":463,"TOTAL_IPC_CRIMES":25630},{"STATE_UT":"RAJASTHAN","DISTRICT":"TOTAL","MURDER":1279,"RAPE":1038,"ROBBERY":673,"KIDNAPPING_AND_ABDUCTION":2384,"TOTAL_IPC_CRIMES":154859},{"STATE_UT":"SIKKIM","DISTRICT":"TOTAL","MURDER":16,"RAPE":3,"ROBBERY":5,"KIDNAPPING_AND_ABDUCTION":5,"TOTAL_IPC_CRIMES":631},{"STATE_UT":"TAMIL NADU","DISTRICT":"TOTAL","MURDER":1479,"RAPE":618,"ROBBERY":464,"KIDNAPPING_AND_ABDUCTION":870,"TOTAL_IPC_CRIMES":166606},{
        "STATE_UT": "TELANGANA",
        "DISTRICT": "TOTAL",
        "MURDER": 185,
        "RAPE": 210,
        "ROBBERY": 95,
        "KIDNAPPING_AND_ABDUCTION": 120,
        "TOTAL_IPC_CRIMES": 3700
    },{"STATE_UT":"TRIPURA","DISTRICT":"TOTAL","MURDER":189,"RAPE":160,"ROBBERY":46,"KIDNAPPING_AND_ABDUCTION":99,"TOTAL_IPC_CRIMES":3081},{"STATE_UT":"UTTAR PRADESH","DISTRICT":"TOTAL","MURDER":6126,"RAPE":1397,"ROBBERY":2606,"KIDNAPPING_AND_ABDUCTION":3337,"TOTAL_IPC_CRIMES":130181},{"STATE_UT":"UTTARAKHAND","DISTRICT":"TOTAL","MURDER":262,"RAPE":115,"ROBBERY":165,"KIDNAPPING_AND_ABDUCTION":213,"TOTAL_IPC_CRIMES":8634},{"STATE_UT":"WEST BENGAL","DISTRICT":"TOTAL","MURDER":1425,"RAPE":1475,"ROBBERY":535,"KIDNAPPING_AND_ABDUCTION":1200,"TOTAL_IPC_CRIMES":69350},{"STATE_UT":"A & N ISLANDS","DISTRICT":"TOTAL","MURDER":15,"RAPE":10,"ROBBERY":3,"KIDNAPPING_AND_ABDUCTION":3,"TOTAL_IPC_CRIMES":748},{"STATE_UT":"CHANDIGARH","DISTRICT":"TOTAL","MURDER":22,"RAPE":19,"ROBBERY":6,"KIDNAPPING_AND_ABDUCTION":54,"TOTAL_IPC_CRIMES":2889},{"STATE_UT":"D & N HAVELI","DISTRICT":"TOTAL","MURDER":11,"RAPE":7,"ROBBERY":2,"KIDNAPPING_AND_ABDUCTION":12,"TOTAL_IPC_CRIMES":409},{"STATE_UT":"DAMAN & DIU","DISTRICT":"TOTAL","MURDER":3,"RAPE":1,"ROBBERY":1,"KIDNAPPING_AND_ABDUCTION":2,"TOTAL_IPC_CRIMES":198},
    {
        "STATE_UT": "DELHI",
        "DISTRICT": "TOTAL",
        "MURDER": 587,
        "RAPE": 2556,
        "ROBBERY": 8140,
        "KIDNAPPING_AND_ABDUCTION": 8853,
        "TOTAL_IPC_CRIMES": 170281
    },{"STATE_UT":"LAKSHADWEEP","DISTRICT":"TOTAL","MURDER":0,"RAPE":0,"ROBBERY":0,"KIDNAPPING_AND_ABDUCTION":0,"TOTAL_IPC_CRIMES":70},{"STATE_UT":"PUDUCHERRY","DISTRICT":"TOTAL","MURDER":25,"RAPE":4,"ROBBERY":1,"KIDNAPPING_AND_ABDUCTION":10,"TOTAL_IPC_CRIMES":4620}]