[{"STATE_UT":"ANDHRA PRADESH","DISTRICT":"TOTAL","MURDER":2717,"RAPE":1341,"ROBBERY":668,"KIDNAPPING_AND_ABDUCTION":1870,"TOTAL_IPC_CRIMES":192522},{"STATE_UT":"ARUNACHAL PRADESH","DISTRICT":"TOTAL","MURDER":73,"RAPE":46,"ROBBERY":65,"KIDNAPPING_AND_ABDUCTION":82,"TOTAL_IPC_CRIMES":2420},{"STATE_UT":"ASSAM","DISTRICT":"TOTAL","MURDER":1368,"RAPE":1716,"ROBBERY":907,"KIDNAPPING_AND_ABDUCTION":3812,"TOTAL_IPC_CRIMES":77682},{"STATE_UT":"BIHAR","DISTRICT":"TOTAL","MURDER":3566,"RAPE":927,"ROBBERY":1266,"KIDNAPPING_AND_ABDUCTION":4807,"TOTAL_IPC_CRIMES":146614},{"STATE_UT":"CHHATTISGARH","DISTRICT":"TOTAL","MURDER":998,"RAPE":1034,"ROBBERY":412,"KIDNAPPING_AND_ABDUCTION":450,"TOTAL_IPC_CRIMES":54598},{"STATE_UT":"GOA","DISTRICT":"TOTAL","MURDER":45,"RAPE":55,"ROBBERY":25,"KIDNAPPING_AND_ABDUCTION":24,"TOTAL_IPC_CRIMES":3608},{"STATE_UT":"GUJARAT","DISTRICT":"TOTAL","MURDER":1126,"RAPE":473,"ROBBERY":1366,"KIDNAPPING_AND_ABDUCTION":1720,"TOTAL_IPC_CRIMES":130121},{"STATE_UT":"HARYANA","DISTRICT":"TOTAL","MURDER":991,"RAPE":668,"ROBBERY":711,"KIDNAPPING_AND_ABDUCTION":1349,"TOTAL_IPC_CRIMES":62480},{"STATE_UT":"HIMACHAL PRADESH","DISTRICT":"TOTAL","MURDER":113,"RAPE":183,"ROBBERY":10,"KIDNAPPING_AND_ABDUCTION":172,"TOTAL_IPC_CRIMES":12557},{"STATE_UT":"JAMMU & KASHMIR","DISTRICT":"TOTAL","MURDER":124,"RAPE":303,"ROBBERY":81,"KIDNAPPING_AND_ABDUCTION":1093,"TOTAL_IPC_CRIMES":24608},{"STATE_UT":"JHARKHAND","DISTRICT":"TOTAL","MURDER":1694,"RAPE":812,"ROBBERY":494,"KIDNAPPING_AND_ABDUCTION":1056,"TOTAL_IPC_CRIMES":40946},{"STATE_UT":"KARNATAKA","DISTRICT":"TOTAL","MURDER":1860,"RAPE":621,"ROBBERY":2207,"KIDNAPPING_AND_ABDUCTION":1451,"TOTAL_IPC_CRIMES":134021},{"STATE_UT":"KERALA","DISTRICT":"TOTAL","MURDER":374,"RAPE":1019,"ROBBERY":725,"KIDNAPPING_AND_ABDUCTION":281,"TOTAL_IPC_CRIMES":158989},{"STATE_UT":"MADHYA PRADESH","DISTRICT":"TOTAL","MURDER":2373,"RAPE":3425,"ROBBERY":1940,"KIDNAPPING_AND_ABDUCTION":1302,"TOTAL_IPC_CRIMES":220335},{"STATE_UT":"MAHARASHTRA","DISTRICT":"TOTAL","MURDER":2712,"RAPE":1839,"ROBBERY":6949,"KIDNAPPING_AND_ABDUCTION":1583,"TOTAL_IPC_CRIMES":202700},{"STATE_UT":"MANIPUR","DISTRICT":"TOTAL","MURDER":83,"RAPE":63,"ROBBERY":3,"KIDNAPPING_AND_ABDUCTION":223,"TOTAL_IPC_CRIMES":3737},{"STATE_UT":"MEGHALAYA","DISTRICT":"TOTAL","MURDER":137,"RAPE":164,"ROBBERY":46,"KIDNAPPING_AND_ABDUCTION":92,"TOTAL_IPC_CRIMES":2557},{"STATE_UT":"MIZORAM","DISTRICT":"TOTAL","MURDER":30,"RAPE":103,"ROBBERY":4,"KIDNAPPING_AND_ABDUCTION":8,"TOTAL_IPC_CRIMES":1766},{"STATE_UT":"NAGALAND","DISTRICT":"TOTAL","MURDER":75,"RAPE":21,"ROBBERY":54,"KIDNAPPING_AND_ABDUCTION":27,"TOTAL_IPC_CRIMES":1090},{"STATE_UT":"ODISHA","DISTRICT":"TOTAL","MURDER":1548,"RAPE":1458,"ROBBERY":1613,"KIDNAPPING_AND_ABDUCTION":1542,"TOTAL_IPC_CRIMES":67957},{"STATE_UT":"PUNJAB","DISTRICT":"TOTAL","MURDER":855,"RAPE":680,"ROBBERY":213,"KIDNAPPING_AND_ABDUCTION":919,"TOTAL_IPC_CRIMES":35790},{"STATE_UT":"RAJASTHAN","DISTRICT":"TOTAL","MURDER":1461,"RAPE":2049,"ROBBERY":807,"KIDNAPPING_AND_ABDUCTION":3243,"TOTAL_IPC_CRIMES":170948},{"STATE_UT":"SIKKIM","DISTRICT":"TOTAL","MURDER":7,"RAPE":34,"ROBBERY":6,"KIDNAPPING_AND_ABDUCTION":10,"TOTAL_IPC_CRIMES":528},{"STATE_UT":"TAMIL NADU","DISTRICT":"TOTAL","MURDER":1949,"RAPE":737,"ROBBERY":1898,"KIDNAPPING_AND_ABDUCTION":1945,"TOTAL_IPC_CRIMES":200474},{
        "STATE_UT": "TELANGANA",
        "DISTRICT": "TOTAL",
        "MURDER": 265,
        "RAPE": 290,
        "ROBBERY": 175,
        "KIDNAPPING_AND_ABDUCTION": 200,
        "TOTAL_IPC_CRIMES": 5300
    },{"STATE_UT":"TRIPURA","DISTRICT":"TOTAL","MURDER":124,"RAPE":229,"ROBBERY":60,"KIDNAPPING_AND_ABDUCTION":139,"TOTAL_IPC_CRIMES":6264},{"STATE_UT":"UTTAR PRADESH","DISTRICT":"TOTAL","MURDER":4966,"RAPE":1963,"ROBBERY":3159,"KIDNAPPING_AND_ABDUCTION":8878,"TOTAL_IPC_CRIMES":198093},{"STATE_UT":"UTTARAKHAND","DISTRICT":"TOTAL","MURDER":217,"RAPE":148,"ROBBERY":144,"KIDNAPPING_AND_ABDUCTION":297,"TOTAL_IPC_CRIMES":8882},{"STATE_UT":"WEST BENGAL","DISTRICT":"TOTAL","MURDER":2252,"RAPE":2046,"ROBBERY":816,"KIDNAPPING_AND_ABDUCTION":5117,"TOTAL_IPC_CRIMES":161427},{"STATE_UT":"A & N ISLANDS","DISTRICT":"TOTAL","MURDER":15,"RAPE":12,"ROBBERY":2,"KIDNAPPING_AND_ABDUCTION":8,"TOTAL_IPC_CRIMES":683},{"STATE_UT":"CHANDIGARH","DISTRICT":"TOTAL","MURDER":21,"RAPE":27,"ROBBERY":63,"KIDNAPPING_AND_ABDUCTION":87,"TOTAL_IPC_CRIMES":3606},{"STATE_UT":"D & N HAVELI","DISTRICT":"TOTAL","MURDER":7,"RAPE":3,"ROBBERY":2,"KIDNAPPING_AND_ABDUCTION":13,"TOTAL_IPC_CRIMES":318},{"STATE_UT":"DAMAN & DIU","DISTRICT":"TOTAL","MURDER":3,"RAPE":5,"ROBBERY":3,"KIDNAPPING_AND_ABDUCTION":3,"TOTAL_IPC_CRIMES":239},
    {
        "STATE_UT": "DELHI",
        "DISTRICT": "TOTAL",
        "MURDER": 511,
        "RAPE": 2133,
        "ROBBERY": 8724,
        "KIDNAPPING_AND_ABDUCTION": 9888,
        "TOTAL_IPC_CRIMES": 187223
    },{"STATE_UT":"LAKSHADWEEP","DISTRICT":"TOTAL","MURDER":0,"RAPE":0,"ROBBERY":0,"KIDNAPPING_AND_ABDUCTION":0,"TOTAL_IPC_CRIMES":60},{"STATE_UT":"PUDUCHERRY","DISTRICT":"TOTAL","MURDER":29,"RAPE":13,"ROBBERY":16,"KIDNAPPING_AND_ABDUCTION":19,"TOTAL_IPC_CRIMES":4281}]