[{"STATE_UT":"ANDHRA PRADESH","DISTRICT":"TOTAL","MURDER":2538,"RAPE":1362,"ROBBERY":550,"KIDNAPPING_AND_ABDUCTION":2053,"TOTAL_IPC_CRIMES":181438},{"STATE_UT":"ARUNACHAL PRADESH","DISTRICT":"TOTAL","MURDER":75,"RAPE":47,"ROBBERY":69,"KIDNAPPING_AND_ABDUCTION":67,"TOTAL_IPC_CRIMES":2439},{"STATE_UT":"ASSAM","DISTRICT":"TOTAL","MURDER":1223,"RAPE":1721,"ROBBERY":662,"KIDNAPPING_AND_ABDUCTION":3250,"TOTAL_IPC_CRIMES":61668},{"STATE_UT":"BIHAR","DISTRICT":"TOTAL","MURDER":3362,"RAPE":795,"ROBBERY":1538,"KIDNAPPING_AND_ABDUCTION":3674,"TOTAL_IPC_CRIMES":127453},{"STATE_UT":"CHHATTISGARH","DISTRICT":"TOTAL","MURDER":1065,"RAPE":1012,"ROBBERY":552,"KIDNAPPING_AND_ABDUCTION":359,"TOTAL_IPC_CRIMES":54958},{"STATE_UT":"GOA","DISTRICT":"TOTAL","MURDER":35,"RAPE":36,"ROBBERY":39,"KIDNAPPING_AND_ABDUCTION":25,"TOTAL_IPC_CRIMES":3293},{"STATE_UT":"GUJARAT","DISTRICT":"TOTAL","MURDER":1048,"RAPE":408,"ROBBERY":1384,"KIDNAPPING_AND_ABDUCTION":1447,"TOTAL_IPC_CRIMES":116439},{"STATE_UT":"HARYANA","DISTRICT":"TOTAL","MURDER":1005,"RAPE":720,"ROBBERY":734,"KIDNAPPING_AND_ABDUCTION":963,"TOTAL_IPC_CRIMES":59120},{"STATE_UT":"HIMACHAL PRADESH","DISTRICT":"TOTAL","MURDER":132,"RAPE":160,"ROBBERY":11,"KIDNAPPING_AND_ABDUCTION":194,"TOTAL_IPC_CRIMES":13049},{"STATE_UT":"JAMMU & KASHMIR","DISTRICT":"TOTAL","MURDER":217,"RAPE":245,"ROBBERY":61,"KIDNAPPING_AND_ABDUCTION":896,"TOTAL_IPC_CRIMES":23223},{"STATE_UT":"JHARKHAND","DISTRICT":"TOTAL","MURDER":1689,"RAPE":773,"ROBBERY":709,"KIDNAPPING_AND_ABDUCTION":978,"TOTAL_IPC_CRIMES":38889},{"STATE_UT":"KARNATAKA","DISTRICT":"TOTAL","MURDER":1805,"RAPE":586,"ROBBERY":1949,"KIDNAPPING_AND_ABDUCTION":1374,"TOTAL_IPC_CRIMES":142322},{"STATE_UT":"KERALA","DISTRICT":"TOTAL","MURDER":363,"RAPE":634,"ROBBERY":636,"KIDNAPPING_AND_ABDUCTION":261,"TOTAL_IPC_CRIMES":148313},{"STATE_UT":"MADHYA PRADESH","DISTRICT":"TOTAL","MURDER":2423,"RAPE":3135,"ROBBERY":1919,"KIDNAPPING_AND_ABDUCTION":1187,"TOTAL_IPC_CRIMES":214269},{"STATE_UT":"MAHARASHTRA","DISTRICT":"TOTAL","MURDER":2744,"RAPE":1599,"ROBBERY":3721,"KIDNAPPING_AND_ABDUCTION":1508,"TOTAL_IPC_CRIMES":208168},{"STATE_UT":"MANIPUR","DISTRICT":"TOTAL","MURDER":92,"RAPE":34,"ROBBERY":2,"KIDNAPPING_AND_ABDUCTION":199,"TOTAL_IPC_CRIMES":2715},{"STATE_UT":"MEGHALAYA","DISTRICT":"TOTAL","MURDER":134,"RAPE":149,"ROBBERY":67,"KIDNAPPING_AND_ABDUCTION":71,"TOTAL_IPC_CRIMES":2505},{"STATE_UT":"MIZORAM","DISTRICT":"TOTAL","MURDER":48,"RAPE":92,"ROBBERY":16,"KIDNAPPING_AND_ABDUCTION":9,"TOTAL_IPC_CRIMES":2174},{"STATE_UT":"NAGALAND","DISTRICT":"TOTAL","MURDER":45,"RAPE":16,"ROBBERY":63,"KIDNAPPING_AND_ABDUCTION":50,"TOTAL_IPC_CRIMES":1059},{"STATE_UT":"ODISHA","DISTRICT":"TOTAL","MURDER":1308,"RAPE":1025,"ROBBERY":1491,"KIDNAPPING_AND_ABDUCTION":1016,"TOTAL_IPC_CRIMES":56459},{"STATE_UT":"PUNJAB","DISTRICT":"TOTAL","MURDER":907,"RAPE":546,"ROBBERY":241,"KIDNAPPING_AND_ABDUCTION":789,"TOTAL_IPC_CRIMES":36648},{"STATE_UT":"RAJASTHAN","DISTRICT":"TOTAL","MURDER":1421,"RAPE":1571,"ROBBERY":872,"KIDNAPPING_AND_ABDUCTION":2985,"TOTAL_IPC_CRIMES":162957},{"STATE_UT":"SIKKIM","DISTRICT":"TOTAL","MURDER":17,"RAPE":18,"ROBBERY":7,"KIDNAPPING_AND_ABDUCTION":6,"TOTAL_IPC_CRIMES":552},{"STATE_UT":"TAMIL NADU","DISTRICT":"TOTAL","MURDER":1875,"RAPE":686,"ROBBERY":1817,"KIDNAPPING_AND_ABDUCTION":1720,"TOTAL_IPC_CRIMES":185678},{
        "STATE_UT": "TELANGANA",
        "DISTRICT": "TOTAL",
        "MURDER": 245,
        "RAPE": 270,
        "ROBBERY": 155,
        "KIDNAPPING_AND_ABDUCTION": 180,
        "TOTAL_IPC_CRIMES": 4900
    },{"STATE_UT":"TRIPURA","DISTRICT":"TOTAL","MURDER":150,"RAPE":238,"ROBBERY":65,"KIDNAPPING_AND_ABDUCTION":114,"TOTAL_IPC_CRIMES":5805},{"STATE_UT":"UTTAR PRADESH","DISTRICT":"TOTAL","MURDER":4401,"RAPE":1563,"ROBBERY":2577,"KIDNAPPING_AND_ABDUCTION":6321,"TOTAL_IPC_CRIMES":174179},{"STATE_UT":"UTTARAKHAND","DISTRICT":"TOTAL","MURDER":176,"RAPE":121,"ROBBERY":162,"KIDNAPPING_AND_ABDUCTION":286,"TOTAL_IPC_CRIMES":9240},{"STATE_UT":"WEST BENGAL","DISTRICT":"TOTAL","MURDER":2398,"RAPE":2311,"ROBBERY":798,"KIDNAPPING_AND_ABDUCTION":3345,"TOTAL_IPC_CRIMES":129616},{"STATE_UT":"A & N ISLANDS","DISTRICT":"TOTAL","MURDER":9,"RAPE":24,"ROBBERY":7,"KIDNAPPING_AND_ABDUCTION":10,"TOTAL_IPC_CRIMES":980},{"STATE_UT":"CHANDIGARH","DISTRICT":"TOTAL","MURDER":21,"RAPE":31,"ROBBERY":67,"KIDNAPPING_AND_ABDUCTION":38,"TOTAL_IPC_CRIMES":3373},{"STATE_UT":"D & N HAVELI","DISTRICT":"TOTAL","MURDER":6,"RAPE":3,"ROBBERY":3,"KIDNAPPING_AND_ABDUCTION":18,"TOTAL_IPC_CRIMES":378},{"STATE_UT":"DAMAN & DIU","DISTRICT":"TOTAL","MURDER":5,"RAPE":1,"ROBBERY":0,"KIDNAPPING_AND_ABDUCTION":2,"TOTAL_IPC_CRIMES":203},
    {
        "STATE_UT": "DELHI",
        "DISTRICT": "TOTAL",
        "MURDER": 576,
        "RAPE": 2633,
        "ROBBERY": 9325,
        "KIDNAPPING_AND_ABDUCTION": 10070,
        "TOTAL_IPC_CRIMES": 187264
    },{"STATE_UT":"LAKSHADWEEP","DISTRICT":"TOTAL","MURDER":0,"RAPE":0,"ROBBERY":0,"KIDNAPPING_AND_ABDUCTION":0,"TOTAL_IPC_CRIMES":42},{"STATE_UT":"PUDUCHERRY","DISTRICT":"TOTAL","MURDER":33,"RAPE":3,"ROBBERY":5,"KIDNAPPING_AND_ABDUCTION":17,"TOTAL_IPC_CRIMES":3935}]