[{"STATE_UT":"ANDHRA PRADESH","DISTRICT":"TOTAL","MURDER":2665,"RAPE":1070,"ROBBERY":614,"KIDNAPPING_AND_ABDUCTION":2097,"TOTAL_IPC_CRIMES":175087},{"STATE_UT":"ARUNACHAL PRADESH","DISTRICT":"TOTAL","MURDER":68,"RAPE":48,"ROBBERY":75,"KIDNAPPING_AND_ABDUCTION":68,"TOTAL_IPC_CRIMES":2286},{"STATE_UT":"ASSAM","DISTRICT":"TOTAL","MURDER":1374,"RAPE":1437,"ROBBERY":496,"KIDNAPPING_AND_ABDUCTION":1971,"TOTAL_IPC_CRIMES":45282},{"STATE_UT":"BIHAR","DISTRICT":"TOTAL","MURDER":3034,"RAPE":1555,"ROBBERY":1787,"KIDNAPPING_AND_ABDUCTION":2530,"TOTAL_IPC_CRIMES":109420},{"STATE_UT":"CHHATTISGARH","DISTRICT":"TOTAL","MURDER":1097,"RAPE":982,"ROBBERY":427,"KIDNAPPING_AND_ABDUCTION":244,"TOTAL_IPC_CRIMES":45845},{"STATE_UT":"GOA","DISTRICT":"TOTAL","MURDER":33,"RAPE":20,"ROBBERY":22,"KIDNAPPING_AND_ABDUCTION":12,"TOTAL_IPC_CRIMES":2479},{"STATE_UT":"GUJARAT","DISTRICT":"TOTAL","MURDER":1166,"RAPE":316,"ROBBERY":1095,"KIDNAPPING_AND_ABDUCTION":1312,"TOTAL_IPC_CRIMES":123195},{"STATE_UT":"HARYANA","DISTRICT":"TOTAL","MURDER":911,"RAPE":488,"ROBBERY":502,"KIDNAPPING_AND_ABDUCTION":801,"TOTAL_IPC_CRIMES":51597},{"STATE_UT":"HIMACHAL PRADESH","DISTRICT":"TOTAL","MURDER":127,"RAPE":159,"ROBBERY":23,"KIDNAPPING_AND_ABDUCTION":171,"TOTAL_IPC_CRIMES":14222},{"STATE_UT":"JAMMU & KASHMIR","DISTRICT":"TOTAL","MURDER":318,"RAPE":288,"ROBBERY":111,"KIDNAPPING_AND_ABDUCTION":758,"TOTAL_IPC_CRIMES":21443},{"STATE_UT":"JHARKHAND","DISTRICT":"TOTAL","MURDER":1617,"RAPE":855,"ROBBERY":771,"KIDNAPPING_AND_ABDUCTION":762,"TOTAL_IPC_CRIMES":38489},{"STATE_UT":"KARNATAKA","DISTRICT":"TOTAL","MURDER":1538,"RAPE":436,"ROBBERY":1313,"KIDNAPPING_AND_ABDUCTION":680,"TOTAL_IPC_CRIMES":120606},{"STATE_UT":"KERALA","DISTRICT":"TOTAL","MURDER":367,"RAPE":512,"ROBBERY":869,"KIDNAPPING_AND_ABDUCTION":255,"TOTAL_IPC_CRIMES":108530},{"STATE_UT":"MADHYA PRADESH","DISTRICT":"TOTAL","MURDER":2244,"RAPE":3010,"ROBBERY":1975,"KIDNAPPING_AND_ABDUCTION":922,"TOTAL_IPC_CRIMES":202386},{"STATE_UT":"MAHARASHTRA","DISTRICT":"TOTAL","MURDER":2693,"RAPE":1451,"ROBBERY":2770,"KIDNAPPING_AND_ABDUCTION":1312,"TOTAL_IPC_CRIMES":195707},{"STATE_UT":"MANIPUR","DISTRICT":"TOTAL","MURDER":240,"RAPE":20,"ROBBERY":11,"KIDNAPPING_AND_ABDUCTION":150,"TOTAL_IPC_CRIMES":3259},{"STATE_UT":"MEGHALAYA","DISTRICT":"TOTAL","MURDER":114,"RAPE":82,"ROBBERY":56,"KIDNAPPING_AND_ABDUCTION":52,"TOTAL_IPC_CRIMES":2079},{"STATE_UT":"MIZORAM","DISTRICT":"TOTAL","MURDER":43,"RAPE":83,"ROBBERY":5,"KIDNAPPING_AND_ABDUCTION":4,"TOTAL_IPC_CRIMES":2083},{"STATE_UT":"NAGALAND","DISTRICT":"TOTAL","MURDER":111,"RAPE":13,"ROBBERY":75,"KIDNAPPING_AND_ABDUCTION":17,"TOTAL_IPC_CRIMES":1180},{"STATE_UT":"ODISHA","DISTRICT":"TOTAL","MURDER":1210,"RAPE":939,"ROBBERY":1273,"KIDNAPPING_AND_ABDUCTION":801,"TOTAL_IPC_CRIMES":54872},{"STATE_UT":"PUNJAB","DISTRICT":"TOTAL","MURDER":760,"RAPE":519,"ROBBERY":138,"KIDNAPPING_AND_ABDUCTION":760,"TOTAL_IPC_CRIMES":35793},{"STATE_UT":"RAJASTHAN","DISTRICT":"TOTAL","MURDER":1303,"RAPE":1238,"ROBBERY":778,"KIDNAPPING_AND_ABDUCTION":2177,"TOTAL_IPC_CRIMES":148870},{"STATE_UT":"SIKKIM","DISTRICT":"TOTAL","MURDER":9,"RAPE":24,"ROBBERY":6,"KIDNAPPING_AND_ABDUCTION":9,"TOTAL_IPC_CRIMES":667},{"STATE_UT":"TAMIL NADU","DISTRICT":"TOTAL","MURDER":1633,"RAPE":523,"ROBBERY":495,"KIDNAPPING_AND_ABDUCTION":1270,"TOTAL_IPC_CRIMES":172754},{
        "STATE_UT": "TELANGANA",
        "DISTRICT": "TOTAL",
        "MURDER": 215,
        "RAPE": 240,
        "ROBBERY": 125,
        "KIDNAPPING_AND_ABDUCTION": 150,
        "TOTAL_IPC_CRIMES": 4300
    },{"STATE_UT":"TRIPURA","DISTRICT":"TOTAL","MURDER":138,"RAPE":157,"ROBBERY":64,"KIDNAPPING_AND_ABDUCTION":113,"TOTAL_IPC_CRIMES":4273},{"STATE_UT":"UTTAR PRADESH","DISTRICT":"TOTAL","MURDER":5000,"RAPE":1648,"ROBBERY":2169,"KIDNAPPING_AND_ABDUCTION":4478,"TOTAL_IPC_CRIMES":150258},{"STATE_UT":"UTTARAKHAND","DISTRICT":"TOTAL","MURDER":268,"RAPE":117,"ROBBERY":173,"KIDNAPPING_AND_ABDUCTION":253,"TOTAL_IPC_CRIMES":9599},{"STATE_UT":"WEST BENGAL","DISTRICT":"TOTAL","MURDER":1652,"RAPE":2106,"ROBBERY":427,"KIDNAPPING_AND_ABDUCTION":1800,"TOTAL_IPC_CRIMES":81102},{"STATE_UT":"A & N ISLANDS","DISTRICT":"TOTAL","MURDER":15,"RAPE":3,"ROBBERY":9,"KIDNAPPING_AND_ABDUCTION":12,"TOTAL_IPC_CRIMES":807},{"STATE_UT":"CHANDIGARH","DISTRICT":"TOTAL","MURDER":19,"RAPE":22,"ROBBERY":37,"KIDNAPPING_AND_ABDUCTION":52,"TOTAL_IPC_CRIMES":3643},{"STATE_UT":"D & N HAVELI","DISTRICT":"TOTAL","MURDER":10,"RAPE":7,"ROBBERY":3,"KIDNAPPING_AND_ABDUCTION":9,"TOTAL_IPC_CRIMES":425},{"STATE_UT":"DAMAN & DIU","DISTRICT":"TOTAL","MURDER":12,"RAPE":1,"ROBBERY":2,"KIDNAPPING_AND_ABDUCTION":1,"TOTAL_IPC_CRIMES":260},
    {
        "STATE_UT": "DELHI",
        "DISTRICT": "TOTAL",
        "MURDER": 602,
        "RAPE": 2484,
        "ROBBERY": 8830,
        "KIDNAPPING_AND_ABDUCTION": 9489,
        "TOTAL_IPC_CRIMES": 179724
    },{"STATE_UT":"LAKSHADWEEP","DISTRICT":"TOTAL","MURDER":0,"RAPE":1,"ROBBERY":0,"KIDNAPPING_AND_ABDUCTION":0,"TOTAL_IPC_CRIMES":56},{"STATE_UT":"PUDUCHERRY","DISTRICT":"TOTAL","MURDER":34,"RAPE":9,"ROBBERY":8,"KIDNAPPING_AND_ABDUCTION":20,"TOTAL_IPC_CRIMES":5054}]