[{"STATE_UT":"ANDHRA PRADESH","DISTRICT":"TOTAL","MURDER":2449,"RAPE":1188,"ROBBERY":544,"KIDNAPPING_AND_ABDUCTION":1958,"TOTAL_IPC_CRIMES":180441},{"STATE_UT":"ARUNACHAL PRADESH","DISTRICT":"TOTAL","MURDER":59,"RAPE":59,"ROBBERY":55,"KIDNAPPING_AND_ABDUCTION":62,"TOTAL_IPC_CRIMES":2362},{"STATE_UT":"ASSAM","DISTRICT":"TOTAL","MURDER":1323,"RAPE":1631,"ROBBERY":680,"KIDNAPPING_AND_ABDUCTION":2718,"TOTAL_IPC_CRIMES":55313},{"STATE_UT":"BIHAR","DISTRICT":"TOTAL","MURDER":3152,"RAPE":929,"ROBBERY":1619,"KIDNAPPING_AND_ABDUCTION":3222,"TOTAL_IPC_CRIMES":122931},{"STATE_UT":"CHHATTISGARH","DISTRICT":"TOTAL","MURDER":1083,"RAPE":976,"ROBBERY":554,"KIDNAPPING_AND_ABDUCTION":286,"TOTAL_IPC_CRIMES":51370},{"STATE_UT":"GOA","DISTRICT":"TOTAL","MURDER":53,"RAPE":47,"ROBBERY":30,"KIDNAPPING_AND_ABDUCTION":33,"TOTAL_IPC_CRIMES":3005},{"STATE_UT":"GUJARAT","DISTRICT":"TOTAL","MURDER":1020,"RAPE":433,"ROBBERY":1420,"KIDNAPPING_AND_ABDUCTION":1348,"TOTAL_IPC_CRIMES":115183},{"STATE_UT":"HARYANA","DISTRICT":"TOTAL","MURDER":948,"RAPE":603,"ROBBERY":679,"KIDNAPPING_AND_ABDUCTION":916,"TOTAL_IPC_CRIMES":56229},{"STATE_UT":"HIMACHAL PRADESH","DISTRICT":"TOTAL","MURDER":125,"RAPE":183,"ROBBERY":21,"KIDNAPPING_AND_ABDUCTION":150,"TOTAL_IPC_CRIMES":13315},{"STATE_UT":"JAMMU & KASHMIR","DISTRICT":"TOTAL","MURDER":237,"RAPE":237,"ROBBERY":69,"KIDNAPPING_AND_ABDUCTION":873,"TOTAL_IPC_CRIMES":21975},{"STATE_UT":"JHARKHAND","DISTRICT":"TOTAL","MURDER":1636,"RAPE":719,"ROBBERY":780,"KIDNAPPING_AND_ABDUCTION":827,"TOTAL_IPC_CRIMES":37436},{"STATE_UT":"KARNATAKA","DISTRICT":"TOTAL","MURDER":1702,"RAPE":509,"ROBBERY":1825,"KIDNAPPING_AND_ABDUCTION":892,"TOTAL_IPC_CRIMES":134042},{"STATE_UT":"KERALA","DISTRICT":"TOTAL","MURDER":343,"RAPE":568,"ROBBERY":830,"KIDNAPPING_AND_ABDUCTION":256,"TOTAL_IPC_CRIMES":118369},{"STATE_UT":"MADHYA PRADESH","DISTRICT":"TOTAL","MURDER":2386,"RAPE":2998,"ROBBERY":2270,"KIDNAPPING_AND_ABDUCTION":1036,"TOTAL_IPC_CRIMES":207762},{"STATE_UT":"MAHARASHTRA","DISTRICT":"TOTAL","MURDER":2653,"RAPE":1483,"ROBBERY":3314,"KIDNAPPING_AND_ABDUCTION":1286,"TOTAL_IPC_CRIMES":199598},{"STATE_UT":"MANIPUR","DISTRICT":"TOTAL","MURDER":131,"RAPE":31,"ROBBERY":3,"KIDNAPPING_AND_ABDUCTION":159,"TOTAL_IPC_CRIMES":2852},{"STATE_UT":"MEGHALAYA","DISTRICT":"TOTAL","MURDER":128,"RAPE":112,"ROBBERY":67,"KIDNAPPING_AND_ABDUCTION":56,"TOTAL_IPC_CRIMES":2448},{"STATE_UT":"MIZORAM","DISTRICT":"TOTAL","MURDER":31,"RAPE":83,"ROBBERY":4,"KIDNAPPING_AND_ABDUCTION":9,"TOTAL_IPC_CRIMES":2047},{"STATE_UT":"NAGALAND","DISTRICT":"TOTAL","MURDER":46,"RAPE":22,"ROBBERY":92,"KIDNAPPING_AND_ABDUCTION":52,"TOTAL_IPC_CRIMES":1059},{"STATE_UT":"ODISHA","DISTRICT":"TOTAL","MURDER":1250,"RAPE":1023,"ROBBERY":1488,"KIDNAPPING_AND_ABDUCTION":930,"TOTAL_IPC_CRIMES":55740},{"STATE_UT":"PUNJAB","DISTRICT":"TOTAL","MURDER":853,"RAPE":511,"ROBBERY":171,"KIDNAPPING_AND_ABDUCTION":692,"TOTAL_IPC_CRIMES":35545},{"STATE_UT":"RAJASTHAN","DISTRICT":"TOTAL","MURDER":1395,"RAPE":1519,"ROBBERY":886,"KIDNAPPING_AND_ABDUCTION":2870,"TOTAL_IPC_CRIMES":166565},{"STATE_UT":"SIKKIM","DISTRICT":"TOTAL","MURDER":19,"RAPE":18,"ROBBERY":4,"KIDNAPPING_AND_ABDUCTION":6,"TOTAL_IPC_CRIMES":669},{"STATE_UT":"TAMIL NADU","DISTRICT":"TOTAL","MURDER":1776,"RAPE":596,"ROBBERY":1144,"KIDNAPPING_AND_ABDUCTION":1372,"TOTAL_IPC_CRIMES":174691},{
        "STATE_UT": "TELANGANA",
        "DISTRICT": "TOTAL",
        "MURDER": 235,
        "RAPE": 260,
        "ROBBERY": 245,
        "KIDNAPPING_AND_ABDUCTION": 170,
        "TOTAL_IPC_CRIMES": 4700
    },{"STATE_UT":"TRIPURA","DISTRICT":"TOTAL","MURDER":133,"RAPE":190,"ROBBERY":77,"KIDNAPPING_AND_ABDUCTION":121,"TOTAL_IPC_CRIMES":5486},{"STATE_UT":"UTTAR PRADESH","DISTRICT":"TOTAL","MURDER":4534,"RAPE":1759,"ROBBERY":2285,"KIDNAPPING_AND_ABDUCTION":6083,"TOTAL_IPC_CRIMES":172884},{"STATE_UT":"UTTARAKHAND","DISTRICT":"TOTAL","MURDER":195,"RAPE":111,"ROBBERY":179,"KIDNAPPING_AND_ABDUCTION":275,"TOTAL_IPC_CRIMES":8802},{"STATE_UT":"WEST BENGAL","DISTRICT":"TOTAL","MURDER":2068,"RAPE":2336,"ROBBERY":751,"KIDNAPPING_AND_ABDUCTION":2750,"TOTAL_IPC_CRIMES":113036},{"STATE_UT":"A & N ISLANDS","DISTRICT":"TOTAL","MURDER":15,"RAPE":18,"ROBBERY":11,"KIDNAPPING_AND_ABDUCTION":16,"TOTAL_IPC_CRIMES":941},{"STATE_UT":"CHANDIGARH","DISTRICT":"TOTAL","MURDER":22,"RAPE":29,"ROBBERY":27,"KIDNAPPING_AND_ABDUCTION":40,"TOTAL_IPC_CRIMES":3555},{"STATE_UT":"D & N HAVELI","DISTRICT":"TOTAL","MURDER":10,"RAPE":4,"ROBBERY":2,"KIDNAPPING_AND_ABDUCTION":12,"TOTAL_IPC_CRIMES":442},{"STATE_UT":"DAMAN & DIU","DISTRICT":"TOTAL","MURDER":5,"RAPE":1,"ROBBERY":4,"KIDNAPPING_AND_ABDUCTION":0,"TOTAL_IPC_CRIMES":276},
    {
        "STATE_UT": "DELHI",
        "DISTRICT": "TOTAL",
        "MURDER": 582,
        "RAPE": 2570,
        "ROBBERY": 9221,
        "KIDNAPPING_AND_ABDUCTION": 9862,
        "TOTAL_IPC_CRIMES": 185033
    },{"STATE_UT":"LAKSHADWEEP","DISTRICT":"TOTAL","MURDER":0,"RAPE":1,"ROBBERY":0,"KIDNAPPING_AND_ABDUCTION":0,"TOTAL_IPC_CRIMES":134},{"STATE_UT":"PUDUCHERRY","DISTRICT":"TOTAL","MURDER":37,"RAPE":1,"ROBBERY":9,"KIDNAPPING_AND_ABDUCTION":18,"TOTAL_IPC_CRIMES":4591}]