[{"STATE_UT":"ANDHRA PRADESH","DISTRICT":"TOTAL","MURDER":2690,"RAPE":1257,"ROBBERY":623,"KIDNAPPING_AND_ABDUCTION":1970,"TOTAL_IPC_CRIMES":179275},{"STATE_UT":"ARUNACHAL PRADESH","DISTRICT":"TOTAL","MURDER":72,"RAPE":42,"ROBBERY":79,"KIDNAPPING_AND_ABDUCTION":79,"TOTAL_IPC_CRIMES":2374},{"STATE_UT":"ASSAM","DISTRICT":"TOTAL","MURDER":1426,"RAPE":1438,"ROBBERY":568,"KIDNAPPING_AND_ABDUCTION":2239,"TOTAL_IPC_CRIMES":53333},{"STATE_UT":"BIHAR","DISTRICT":"TOTAL","MURDER":3139,"RAPE":1302,"ROBBERY":1592,"KIDNAPPING_AND_ABDUCTION":3047,"TOTAL_IPC_CRIMES":122669},{"STATE_UT":"CHHATTISGARH","DISTRICT":"TOTAL","MURDER":1169,"RAPE":978,"ROBBERY":500,"KIDNAPPING_AND_ABDUCTION":273,"TOTAL_IPC_CRIMES":51442},{"STATE_UT":"GOA","DISTRICT":"TOTAL","MURDER":49,"RAPE":30,"ROBBERY":23,"KIDNAPPING_AND_ABDUCTION":36,"TOTAL_IPC_CRIMES":2742},{"STATE_UT":"GUJARAT","DISTRICT":"TOTAL","MURDER":1106,"RAPE":374,"ROBBERY":1322,"KIDNAPPING_AND_ABDUCTION":1323,"TOTAL_IPC_CRIMES":123808},{"STATE_UT":"HARYANA","DISTRICT":"TOTAL","MURDER":921,"RAPE":631,"ROBBERY":555,"KIDNAPPING_AND_ABDUCTION":854,"TOTAL_IPC_CRIMES":55344},{"STATE_UT":"HIMACHAL PRADESH","DISTRICT":"TOTAL","MURDER":129,"RAPE":157,"ROBBERY":20,"KIDNAPPING_AND_ABDUCTION":151,"TOTAL_IPC_CRIMES":13976},{"STATE_UT":"JAMMU & KASHMIR","DISTRICT":"TOTAL","MURDER":237,"RAPE":219,"ROBBERY":67,"KIDNAPPING_AND_ABDUCTION":704,"TOTAL_IPC_CRIMES":20604},{"STATE_UT":"JHARKHAND","DISTRICT":"TOTAL","MURDER":1697,"RAPE":791,"ROBBERY":761,"KIDNAPPING_AND_ABDUCTION":792,"TOTAL_IPC_CRIMES":38686},{"STATE_UT":"KARNATAKA","DISTRICT":"TOTAL","MURDER":1698,"RAPE":446,"ROBBERY":1615,"KIDNAPPING_AND_ABDUCTION":758,"TOTAL_IPC_CRIMES":127540},{"STATE_UT":"KERALA","DISTRICT":"TOTAL","MURDER":362,"RAPE":568,"ROBBERY":816,"KIDNAPPING_AND_ABDUCTION":253,"TOTAL_IPC_CRIMES":110620},{"STATE_UT":"MADHYA PRADESH","DISTRICT":"TOTAL","MURDER":2322,"RAPE":2937,"ROBBERY":2234,"KIDNAPPING_AND_ABDUCTION":929,"TOTAL_IPC_CRIMES":206556},{"STATE_UT":"MAHARASHTRA","DISTRICT":"TOTAL","MURDER":2795,"RAPE":1558,"ROBBERY":3031,"KIDNAPPING_AND_ABDUCTION":1379,"TOTAL_IPC_CRIMES":206243},{"STATE_UT":"MANIPUR","DISTRICT":"TOTAL","MURDER":187,"RAPE":38,"ROBBERY":7,"KIDNAPPING_AND_ABDUCTION":176,"TOTAL_IPC_CRIMES":3349},{"STATE_UT":"MEGHALAYA","DISTRICT":"TOTAL","MURDER":126,"RAPE":88,"ROBBERY":65,"KIDNAPPING_AND_ABDUCTION":56,"TOTAL_IPC_CRIMES":2318},{"STATE_UT":"MIZORAM","DISTRICT":"TOTAL","MURDER":35,"RAPE":77,"ROBBERY":6,"KIDNAPPING_AND_ABDUCTION":9,"TOTAL_IPC_CRIMES":1989},{"STATE_UT":"NAGALAND","DISTRICT":"TOTAL","MURDER":143,"RAPE":19,"ROBBERY":87,"KIDNAPPING_AND_ABDUCTION":44,"TOTAL_IPC_CRIMES":1202},{"STATE_UT":"ODISHA","DISTRICT":"TOTAL","MURDER":1250,"RAPE":1113,"ROBBERY":1345,"KIDNAPPING_AND_ABDUCTION":908,"TOTAL_IPC_CRIMES":56755},{"STATE_UT":"PUNJAB","DISTRICT":"TOTAL","MURDER":769,"RAPE":517,"ROBBERY":167,"KIDNAPPING_AND_ABDUCTION":718,"TOTAL_IPC_CRIMES":35314},{"STATE_UT":"RAJASTHAN","DISTRICT":"TOTAL","MURDER":1297,"RAPE":1355,"ROBBERY":829,"KIDNAPPING_AND_ABDUCTION":2358,"TOTAL_IPC_CRIMES":151174},{"STATE_UT":"SIKKIM","DISTRICT":"TOTAL","MURDER":9,"RAPE":20,"ROBBERY":7,"KIDNAPPING_AND_ABDUCTION":4,"TOTAL_IPC_CRIMES":730},{"STATE_UT":"TAMIL NADU","DISTRICT":"TOTAL","MURDER":1759,"RAPE":573,"ROBBERY":662,"KIDNAPPING_AND_ABDUCTION":1375,"TOTAL_IPC_CRIMES":176833},{
        "STATE_UT": "TELANGANA",
        "DISTRICT": "TOTAL",
        "MURDER": 225,
        "RAPE": 250,
        "ROBBERY": 135,
        "KIDNAPPING_AND_ABDUCTION": 160,
        "TOTAL_IPC_CRIMES": 4500
    },{"STATE_UT":"TRIPURA","DISTRICT":"TOTAL","MURDER":155,"RAPE":204,"ROBBERY":95,"KIDNAPPING_AND_ABDUCTION":146,"TOTAL_IPC_CRIMES":5336},{"STATE_UT":"UTTAR PRADESH","DISTRICT":"TOTAL","MURDER":4564,"RAPE":1871,"ROBBERY":2097,"KIDNAPPING_AND_ABDUCTION":5428,"TOTAL_IPC_CRIMES":168996},{"STATE_UT":"UTTARAKHAND","DISTRICT":"TOTAL","MURDER":223,"RAPE":87,"ROBBERY":144,"KIDNAPPING_AND_ABDUCTION":247,"TOTAL_IPC_CRIMES":8856},{"STATE_UT":"WEST BENGAL","DISTRICT":"TOTAL","MURDER":1811,"RAPE":2263,"ROBBERY":613,"KIDNAPPING_AND_ABDUCTION":2332,"TOTAL_IPC_CRIMES":105419},{"STATE_UT":"A & N ISLANDS","DISTRICT":"TOTAL","MURDER":8,"RAPE":12,"ROBBERY":14,"KIDNAPPING_AND_ABDUCTION":17,"TOTAL_IPC_CRIMES":882},{"STATE_UT":"CHANDIGARH","DISTRICT":"TOTAL","MURDER":17,"RAPE":20,"ROBBERY":23,"KIDNAPPING_AND_ABDUCTION":50,"TOTAL_IPC_CRIMES":3931},{"STATE_UT":"D & N HAVELI","DISTRICT":"TOTAL","MURDER":9,"RAPE":6,"ROBBERY":0,"KIDNAPPING_AND_ABDUCTION":17,"TOTAL_IPC_CRIMES":401},{"STATE_UT":"DAMAN & DIU","DISTRICT":"TOTAL","MURDER":2,"RAPE":0,"ROBBERY":4,"KIDNAPPING_AND_ABDUCTION":4,"TOTAL_IPC_CRIMES":248},
    {
        "STATE_UT": "DELHI",
        "DISTRICT": "TOTAL",
        "MURDER": 582,
        "RAPE": 2589,
        "ROBBERY": 8854,
        "KIDNAPPING_AND_ABDUCTION": 9836,
        "TOTAL_IPC_CRIMES": 183451
    },{"STATE_UT":"LAKSHADWEEP","DISTRICT":"TOTAL","MURDER":1,"RAPE":2,"ROBBERY":0,"KIDNAPPING_AND_ABDUCTION":1,"TOTAL_IPC_CRIMES":95},{"STATE_UT":"PUDUCHERRY","DISTRICT":"TOTAL","MURDER":35,"RAPE":8,"ROBBERY":10,"KIDNAPPING_AND_ABDUCTION":17,"TOTAL_IPC_CRIMES":4989}]