[{"STATE_UT":"ANDHRA PRADESH","DISTRICT":"TOTAL","MURDER":2667,"RAPE":946,"ROBBERY":660,"KIDNAPPING_AND_ABDUCTION":1485,"TOTAL_IPC_CRIMES":156951},{"STATE_UT":"ARUNACHAL PRADESH","DISTRICT":"TOTAL","MURDER":77,"RAPE":31,"ROBBERY":60,"KIDNAPPING_AND_ABDUCTION":68,"TOTAL_IPC_CRIMES":2061},{"STATE_UT":"ASSAM","DISTRICT":"TOTAL","MURDER":1191,"RAPE":1095,"ROBBERY":523,"KIDNAPPING_AND_ABDUCTION":1628,"TOTAL_IPC_CRIMES":38195},{"STATE_UT":"BIHAR","DISTRICT":"TOTAL","MURDER":3771,"RAPE":985,"ROBBERY":2463,"KIDNAPPING_AND_ABDUCTION":2427,"TOTAL_IPC_CRIMES":92263},{"STATE_UT":"CHHATTISGARH","DISTRICT":"TOTAL","MURDER":776,"RAPE":898,"ROBBERY":331,"KIDNAPPING_AND_ABDUCTION":177,"TOTAL_IPC_CRIMES":38449},{"STATE_UT":"GOA","DISTRICT":"TOTAL","MURDER":34,"RAPE":31,"ROBBERY":21,"KIDNAPPING_AND_ABDUCTION":14,"TOTAL_IPC_CRIMES":2244},{"STATE_UT":"GUJARAT","DISTRICT":"TOTAL","MURDER":1114,"RAPE":236,"ROBBERY":1267,"KIDNAPPING_AND_ABDUCTION":1044,"TOTAL_IPC_CRIMES":103709},{"STATE_UT":"HARYANA","DISTRICT":"TOTAL","MURDER":702,"RAPE":353,"ROBBERY":281,"KIDNAPPING_AND_ABDUCTION":388,"TOTAL_IPC_CRIMES":38612},{"STATE_UT":"HIMACHAL PRADESH","DISTRICT":"TOTAL","MURDER":125,"RAPE":126,"ROBBERY":19,"KIDNAPPING_AND_ABDUCTION":113,"TOTAL_IPC_CRIMES":12011},{"STATE_UT":"JAMMU & KASHMIR","DISTRICT":"TOTAL","MURDER":929,"RAPE":211,"ROBBERY":154,"KIDNAPPING_AND_ABDUCTION":712,"TOTAL_IPC_CRIMES":21233},{"STATE_UT":"JHARKHAND","DISTRICT":"TOTAL","MURDER":1482,"RAPE":712,"ROBBERY":864,"KIDNAPPING_AND_ABDUCTION":487,"TOTAL_IPC_CRIMES":32203},{"STATE_UT":"KARNATAKA","DISTRICT":"TOTAL","MURDER":1506,"RAPE":321,"ROBBERY":861,"KIDNAPPING_AND_ABDUCTION":531,"TOTAL_IPC_CRIMES":112405},{"STATE_UT":"KERALA","DISTRICT":"TOTAL","MURDER":435,"RAPE":394,"ROBBERY":634,"KIDNAPPING_AND_ABDUCTION":189,"TOTAL_IPC_CRIMES":98824},{"STATE_UT":"MADHYA PRADESH","DISTRICT":"TOTAL","MURDER":2227,"RAPE":2738,"ROBBERY":1578,"KIDNAPPING_AND_ABDUCTION":887,"TOTAL_IPC_CRIMES":191078},{"STATE_UT":"MAHARASHTRA","DISTRICT":"TOTAL","MURDER":2772,"RAPE":1268,"ROBBERY":2096,"KIDNAPPING_AND_ABDUCTION":926,"TOTAL_IPC_CRIMES":164306},{"STATE_UT":"MANIPUR","DISTRICT":"TOTAL","MURDER":150,"RAPE":18,"ROBBERY":6,"KIDNAPPING_AND_ABDUCTION":120,"TOTAL_IPC_CRIMES":2537},{"STATE_UT":"MEGHALAYA","DISTRICT":"TOTAL","MURDER":175,"RAPE":40,"ROBBERY":133,"KIDNAPPING_AND_ABDUCTION":49,"TOTAL_IPC_CRIMES":1669},{"STATE_UT":"MIZORAM","DISTRICT":"TOTAL","MURDER":46,"RAPE":54,"ROBBERY":21,"KIDNAPPING_AND_ABDUCTION":8,"TOTAL_IPC_CRIMES":3456},{"STATE_UT":"NAGALAND","DISTRICT":"TOTAL","MURDER":91,"RAPE":14,"ROBBERY":92,"KIDNAPPING_AND_ABDUCTION":38,"TOTAL_IPC_CRIMES":976},{"STATE_UT":"ODISHA","DISTRICT":"TOTAL","MURDER":1044,"RAPE":725,"ROBBERY":875,"KIDNAPPING_AND_ABDUCTION":477,"TOTAL_IPC_CRIMES":47281},{"STATE_UT":"PUNJAB","DISTRICT":"TOTAL","MURDER":731,"RAPE":380,"ROBBERY":108,"KIDNAPPING_AND_ABDUCTION":464,"TOTAL_IPC_CRIMES":28756},{"STATE_UT":"RAJASTHAN","DISTRICT":"TOTAL","MURDER":1262,"RAPE":1050,"ROBBERY":655,"KIDNAPPING_AND_ABDUCTION":2238,"TOTAL_IPC_CRIMES":145579},{"STATE_UT":"SIKKIM","DISTRICT":"TOTAL","MURDER":14,"RAPE":10,"ROBBERY":3,"KIDNAPPING_AND_ABDUCTION":0,"TOTAL_IPC_CRIMES":443},{"STATE_UT":"TAMIL NADU","DISTRICT":"TOTAL","MURDER":1591,"RAPE":557,"ROBBERY":514,"KIDNAPPING_AND_ABDUCTION":879,"TOTAL_IPC_CRIMES":157186},{"STATE_UT": "TELANGANA","DISTRICT": "TOTAL","MURDER": 175,"RAPE": 200,"ROBBERY": 85,"KIDNAPPING_AND_ABDUCTION": 110,"TOTAL_IPC_CRIMES": 3500},{"STATE_UT":"TRIPURA","DISTRICT":"TOTAL","MURDER":254,"RAPE":114,"ROBBERY":69,"KIDNAPPING_AND_ABDUCTION":146,"TOTAL_IPC_CRIMES":3514},{"STATE_UT":"UTTAR PRADESH","DISTRICT":"TOTAL","MURDER":5284,"RAPE":911,"ROBBERY":1988,"KIDNAPPING_AND_ABDUCTION":2208,"TOTAL_IPC_CRIMES":95073},{"STATE_UT":"UTTARAKHAND","DISTRICT":"TOTAL","MURDER":268,"RAPE":107,"ROBBERY":160,"KIDNAPPING_AND_ABDUCTION":171,"TOTAL_IPC_CRIMES":7923},{"STATE_UT":"WEST BENGAL","DISTRICT":"TOTAL","MURDER":1425,"RAPE":1002,"ROBBERY":598,"KIDNAPPING_AND_ABDUCTION":902,"TOTAL_IPC_CRIMES":61174},{"STATE_UT":"A & N ISLANDS","DISTRICT":"TOTAL","MURDER":21,"RAPE":2,"ROBBERY":7,"KIDNAPPING_AND_ABDUCTION":2,"TOTAL_IPC_CRIMES":644},{"STATE_UT":"CHANDIGARH","DISTRICT":"TOTAL","MURDER":21,"RAPE":18,"ROBBERY":12,"KIDNAPPING_AND_ABDUCTION":32,"TOTAL_IPC_CRIMES":2806},{"STATE_UT":"D & N HAVELI","DISTRICT":"TOTAL","MURDER":11,"RAPE":1,"ROBBERY":6,"KIDNAPPING_AND_ABDUCTION":7,"TOTAL_IPC_CRIMES":338},{"STATE_UT":"DAMAN & DIU","DISTRICT":"TOTAL","MURDER":6,"RAPE":5,"ROBBERY":1,"KIDNAPPING_AND_ABDUCTION":1,"TOTAL_IPC_CRIMES":269},
{
        "STATE_UT": "DELHI",
        "DISTRICT": "TOTAL",
        "MURDER": 612,
        "RAPE": 2448,
        "ROBBERY": 8037,
        "KIDNAPPING_AND_ABDUCTION": 8365,
        "TOTAL_IPC_CRIMES": 165873
    },{"STATE_UT":"LAKSHADWEEP","DISTRICT":"TOTAL","MURDER":0,"RAPE":2,"ROBBERY":0,"KIDNAPPING_AND_ABDUCTION":0,"TOTAL_IPC_CRIMES":31},{"STATE_UT":"PUDUCHERRY","DISTRICT":"TOTAL","MURDER":29,"RAPE":2,"ROBBERY":11,"KIDNAPPING_AND_ABDUCTION":18,"TOTAL_IPC_CRIMES":4517}]