[
    {
        "STATE_UT": "ANDHRA PRADESH",
        "DISTRICT": "TOTAL",
        "MURDER": 2525,
        "RAPE": 1002,
        "ROBBERY": 648,
        "KIDNAPPING_AND_ABDUCTION": 1302,
        "TOTAL_IPC_CRIMES": 143610
    },
    {
        "STATE_UT": "ARUNACHAL PRADESH",
        "DISTRICT": "TOTAL",
        "MURDER": 61,
        "RAPE": 38,
        "ROBBERY": 96,
        "KIDNAPPING_AND_ABDUCTION": 57,
        "TOTAL_IPC_CRIMES": 2228
    },
    {
        "STATE_UT": "ASSAM",
        "DISTRICT": "TOTAL",
        "MURDER": 1253,
        "RAPE": 970,
        "ROBBERY": 607,
        "KIDNAPPING_AND_ABDUCTION": 1595,
        "TOTAL_IPC_CRIMES": 36346
    },
    {
        "STATE_UT": "BIHAR",
        "DISTRICT": "TOTAL",
        "MURDER": 3712,
        "RAPE": 1040,
        "ROBBERY": 2288,
        "KIDNAPPING_AND_ABDUCTION": 2361,
        "TOTAL_IPC_CRIMES": 94040
    },
    {
        "STATE_UT": "CHHATTISGARH",
        "DISTRICT": "TOTAL",
        "MURDER": 844,
        "RAPE": 992,
        "ROBBERY": 326,
        "KIDNAPPING_AND_ABDUCTION": 178,
        "TOTAL_IPC_CRIMES": 37950
    },
    {
        "STATE_UT": "GOA",
        "DISTRICT": "TOTAL",
        "MURDER": 30,
        "RAPE": 12,
        "ROBBERY": 24,
        "KIDNAPPING_AND_ABDUCTION": 9,
        "TOTAL_IPC_CRIMES": 2440
    },
    {
        "STATE_UT": "GUJARAT",
        "DISTRICT": "TOTAL",
        "MURDER": 1532,
        "RAPE": 267,
        "ROBBERY": 1098,
        "KIDNAPPING_AND_ABDUCTION": 1015,
        "TOTAL_IPC_CRIMES": 106675
    },
    {
        "STATE_UT": "HARYANA",
        "DISTRICT": "TOTAL",
        "MURDER": 760,
        "RAPE": 361,
        "ROBBERY": 330,
        "KIDNAPPING_AND_ABDUCTION": 427,
        "TOTAL_IPC_CRIMES": 40152
    },
    {
        "STATE_UT": "HIMACHAL PRADESH",
        "DISTRICT": "TOTAL",
        "MURDER": 123,
        "RAPE": 137,
        "ROBBERY": 18,
        "KIDNAPPING_AND_ABDUCTION": 138,
        "TOTAL_IPC_CRIMES": 12243
    },
    {
        "STATE_UT": "JAMMU & KASHMIR",
        "DISTRICT": "TOTAL",
        "MURDER": 1048,
        "RAPE": 192,
        "ROBBERY": 163,
        "KIDNAPPING_AND_ABDUCTION": 674,
        "TOTAL_IPC_CRIMES": 19967
    },
    {
        "STATE_UT": "JHARKHAND",
        "DISTRICT": "TOTAL",
        "MURDER": 1488,
        "RAPE": 797,
        "ROBBERY": 780,
        "KIDNAPPING_AND_ABDUCTION": 468,
        "TOTAL_IPC_CRIMES": 31439
    },
    {
        "STATE_UT": "KARNATAKA",
        "DISTRICT": "TOTAL",
        "MURDER": 1627,
        "RAPE": 292,
        "ROBBERY": 972,
        "KIDNAPPING_AND_ABDUCTION": 645,
        "TOTAL_IPC_CRIMES": 113699
    },
    {
        "STATE_UT": "KERALA",
        "DISTRICT": "TOTAL",
        "MURDER": 454,
        "RAPE": 499,
        "ROBBERY": 610,
        "KIDNAPPING_AND_ABDUCTION": 162,
        "TOTAL_IPC_CRIMES": 104200
    },
    {
        "STATE_UT": "MADHYA PRADESH",
        "DISTRICT": "TOTAL",
        "MURDER": 2395,
        "RAPE": 2891,
        "ROBBERY": 1829,
        "KIDNAPPING_AND_ABDUCTION": 964,
        "TOTAL_IPC_CRIMES": 191799
    },
    {
        "STATE_UT": "MAHARASHTRA",
        "DISTRICT": "TOTAL",
        "MURDER": 2768,
        "RAPE": 1352,
        "ROBBERY": 2136,
        "KIDNAPPING_AND_ABDUCTION": 953,
        "TOTAL_IPC_CRIMES": 165462
    },
    {
        "STATE_UT": "MANIPUR",
        "DISTRICT": "TOTAL",
        "MURDER": 165,
        "RAPE": 14,
        "ROBBERY": 6,
        "KIDNAPPING_AND_ABDUCTION": 157,
        "TOTAL_IPC_CRIMES": 2584
    },
    {
        "STATE_UT": "MEGHALAYA",
        "DISTRICT": "TOTAL",
        "MURDER": 167,
        "RAPE": 38,
        "ROBBERY": 109,
        "KIDNAPPING_AND_ABDUCTION": 52,
        "TOTAL_IPC_CRIMES": 1664
    },
    {
        "STATE_UT": "MIZORAM",
        "DISTRICT": "TOTAL",
        "MURDER": 29,
        "RAPE": 76,
        "ROBBERY": 7,
        "KIDNAPPING_AND_ABDUCTION": 7,
        "TOTAL_IPC_CRIMES": 2820
    },
    {
        "STATE_UT": "NAGALAND",
        "DISTRICT": "TOTAL",
        "MURDER": 100,
        "RAPE": 17,
        "ROBBERY": 110,
        "KIDNAPPING_AND_ABDUCTION": 27,
        "TOTAL_IPC_CRIMES": 1114
    },
    {
        "STATE_UT": "ODISHA",
        "DISTRICT": "TOTAL",
        "MURDER": 1075,
        "RAPE": 691,
        "ROBBERY": 945,
        "KIDNAPPING_AND_ABDUCTION": 523,
        "TOTAL_IPC_CRIMES": 47728
    },
    {
        "STATE_UT": "PUNJAB",
        "DISTRICT": "TOTAL",
        "MURDER": 733,
        "RAPE": 299,
        "ROBBERY": 110,
        "KIDNAPPING_AND_ABDUCTION": 551,
        "TOTAL_IPC_CRIMES": 28794
    },
    {
        "STATE_UT": "RAJASTHAN",
        "DISTRICT": "TOTAL",
        "MURDER": 1276,
        "RAPE": 1051,
        "ROBBERY": 734,
        "KIDNAPPING_AND_ABDUCTION": 2587,
        "TOTAL_IPC_CRIMES": 151248
    },
    {
        "STATE_UT": "SIKKIM",
        "DISTRICT": "TOTAL",
        "MURDER": 13,
        "RAPE": 6,
        "ROBBERY": 5,
        "KIDNAPPING_AND_ABDUCTION": 9,
        "TOTAL_IPC_CRIMES": 485
    },
    {
        "STATE_UT": "TAMIL NADU",
        "DISTRICT": "TOTAL",
        "MURDER": 1723,
        "RAPE": 534,
        "ROBBERY": 653,
        "KIDNAPPING_AND_ABDUCTION": 1001,
        "TOTAL_IPC_CRIMES": 166942
    },
    {
        "STATE_UT": "TELANGANA",
        "DISTRICT": "TOTAL",
        "MURDER": 165,
        "RAPE": 190,
        "ROBBERY": 75,
        "KIDNAPPING_AND_ABDUCTION": 100,
        "TOTAL_IPC_CRIMES": 3300
    },
    {
        "STATE_UT": "TRIPURA",
        "DISTRICT": "TOTAL",
        "MURDER": 201,
        "RAPE": 108,
        "ROBBERY": 56,
        "KIDNAPPING_AND_ABDUCTION": 128,
        "TOTAL_IPC_CRIMES": 3075
    },
    {
        "STATE_UT": "UTTAR PRADESH",
        "DISTRICT": "TOTAL",
        "MURDER": 6825,
        "RAPE": 1415,
        "ROBBERY": 2840,
        "KIDNAPPING_AND_ABDUCTION": 3430,
        "TOTAL_IPC_CRIMES": 146037
    },
    {
        "STATE_UT": "UTTARAKHAND",
        "DISTRICT": "TOTAL",
        "MURDER": 292,
        "RAPE": 89,
        "ROBBERY": 177,
        "KIDNAPPING_AND_ABDUCTION": 198,
        "TOTAL_IPC_CRIMES": 7976
    },
    {
        "STATE_UT": "WEST BENGAL",
        "DISTRICT": "TOTAL",
        "MURDER": 1444,
        "RAPE": 759,
        "ROBBERY": 544,
        "KIDNAPPING_AND_ABDUCTION": 831,
        "TOTAL_IPC_CRIMES": 58962
    },
    {
        "STATE_UT": "A & N ISLANDS",
        "DISTRICT": "TOTAL",
        "MURDER": 17,
        "RAPE": 2,
        "ROBBERY": 7,
        "KIDNAPPING_AND_ABDUCTION": 2,
        "TOTAL_IPC_CRIMES": 608
    },
    {
        "STATE_UT": "CHANDIGARH",
        "DISTRICT": "TOTAL",
        "MURDER": 31,
        "RAPE": 18,
        "ROBBERY": 26,
        "KIDNAPPING_AND_ABDUCTION": 54,
        "TOTAL_IPC_CRIMES": 3806
    },
    {
        "STATE_UT": "D & N HAVELI",
        "DISTRICT": "TOTAL",
        "MURDER": 11,
        "RAPE": 4,
        "ROBBERY": 1,
        "KIDNAPPING_AND_ABDUCTION": 9,
        "TOTAL_IPC_CRIMES": 349
    },
    {
        "STATE_UT": "DAMAN & DIU",
        "DISTRICT": "TOTAL",
        "MURDER": 8,
        "RAPE": 0,
        "ROBBERY": 1,
        "KIDNAPPING_AND_ABDUCTION": 3,
        "TOTAL_IPC_CRIMES": 261
    },
    {
        "STATE_UT": "DELHI",
        "DISTRICT": "TOTAL",
        "MURDER": 579,
        "RAPE": 2321,
        "ROBBERY": 7900,
        "KIDNAPPING_AND_ABDUCTION": 8125,
        "TOTAL_IPC_CRIMES": 162461
    },
    {
        "STATE_UT": "LAKSHADWEEP",
        "DISTRICT": "TOTAL",
        "MURDER": 0,
        "RAPE": 1,
        "ROBBERY": 0,
        "KIDNAPPING_AND_ABDUCTION": 0,
        "TOTAL_IPC_CRIMES": 53
    },
    {
        "STATE_UT": "PUDUCHERRY",
        "DISTRICT": "TOTAL",
        "MURDER": 29,
        "RAPE": 6,
        "ROBBERY": 6,
        "KIDNAPPING_AND_ABDUCTION": 10,
        "TOTAL_IPC_CRIMES": 4437
    }
]